0,0Gan eolas ar bith
1,1Gan eolas ar bith
2,2Gan eolas ar bith
3,3Gan eolas ar bith
4,4Gan eolas ar bith
5,5Gan eolas ar bith
6,6Gan eolas ar bith
7,7Gan eolas ar bith
8,8Gan eolas ar bith
9,9Gan eolas ar bith
10,10Gan eolas ar bith
11,11Gan eolas ar bith
12,12Gan eolas ar bith
13,13Gan eolas ar bith
14,14Gan eolas ar bith
15,15Gan eolas ar bith
16,16Gan eolas ar bith
17,17Gan eolas ar bith
18,18Gan eolas ar bith
19,19Gan eolas ar bith
20,20Gan eolas ar bith
21,21Gan eolas ar bith
22,22Gan eolas ar bith
23,23Gan eolas ar bith
24,24Gan eolas ar bith
25,25Gan eolas ar bith
26,26Gan eolas ar bith
27,27Gan eolas ar bith
28,28Gan eolas ar bith
29,29Gan eolas ar bith
30,30Gan eolas ar bith
31,31Gan eolas ar bith
32,32Gan eolas ar bith
33,33Gan eolas ar bith
34,34Gan eolas ar bith
35,35Gan eolas ar bith
36,36Gan eolas ar bith
37,37Gan eolas ar bith
38,38Gan eolas ar bith
39,39Gan eolas ar bith
40,40Gan eolas ar bith
41,41Gan eolas ar bith
42,42Gan eolas ar bith
43,43Gan eolas ar bith
44,44Gan eolas ar bith
45,45Gan eolas ar bith
46,46Gan eolas ar bith
47,47Gan eolas ar bith
48,48Gan eolas ar bith
49,49Gan eolas ar bith
50,50Gan eolas ar bith
51,51Gan eolas ar bith
52,52Gan eolas ar bith
53,53Gan eolas ar bith
54,54Gan eolas ar bith
55,55Gan eolas ar bith
56,56Gan eolas ar bith
57,57Gan eolas ar bith
58,58Gan eolas ar bith
59,59Gan eolas ar bith
60,60Gan eolas ar bith
61,61Gan eolas ar bith
62,62Gan eolas ar bith
63,63Gan eolas ar bith
64,64Gan eolas ar bith
65,65Gan eolas ar bith
66,66Gan eolas ar bith
67,67Gan eolas ar bith
68,68Gan eolas ar bith
69,69Gan eolas ar bith
70,70Gan eolas ar bith
71,71Gan eolas ar bith
72,72Gan eolas ar bith
73,73Gan eolas ar bith
74,74Gan eolas ar bith
75,75Gan eolas ar bith
76,76Gan eolas ar bith
77,77Gan eolas ar bith
78,78Gan eolas ar bith
79,79Gan eolas ar bith
80,80Gan eolas ar bith
81,81Gan eolas ar bith
82,82Gan eolas ar bith
83,83Gan eolas ar bith
84,84Gan eolas ar bith
85,85Gan eolas ar bith
86,86Gan eolas ar bith
87,87Gan eolas ar bith
88,88Gan eolas ar bith
89,89Gan eolas ar bith
90,90Gan eolas ar bith
91,91Gan eolas ar bith
92,92Gan eolas ar bith
93,93Gan eolas ar bith
94,94Gan eolas ar bith
95,95Gan eolas ar bith
96,96Gan eolas ar bith
97,97Gan eolas ar bith
98,98Gan eolas ar bith
99,99Gan eolas ar bith
100,100Gan eolas ar bith
101,101Gan eolas ar bith
102,102Gan eolas ar bith
103,103Gan eolas ar bith
104,104Gan eolas ar bith
105,105Gan eolas ar bith
106,106Gan eolas ar bith
107,107Gan eolas ar bith
108,108Gan eolas ar bith
109,109Gan eolas ar bith
110,110Gan eolas ar bith
111,111Gan eolas ar bith
112,112Gan eolas ar bith
113,113Gan eolas ar bith
114,114Gan eolas ar bith
115,115Gan eolas ar bith
116,116Gan eolas ar bith
117,117Gan eolas ar bith
118,118Gan eolas ar bith
119,119Gan eolas ar bith
120,120Gan eolas ar bith
121,121Gan eolas ar bith
122,122Gan eolas ar bith
123,123Gan eolas ar bith
124,124Gan eolas ar bith
125,125Gan eolas ar bith
126,126Gan eolas ar bith
127,127Gan eolas ar bith
128,128Gan eolas ar bith
129,129Gan eolas ar bith
130,130Gan eolas ar bith
131,131Gan eolas ar bith
132,132Gan eolas ar bith
133,133Gan eolas ar bith
134,134Gan eolas ar bith
135,135Gan eolas ar bith
136,136Gan eolas ar bith
137,137Gan eolas ar bith
138,138Gan eolas ar bith
139,139Gan eolas ar bith
140,140Gan eolas ar bith
141,141Gan eolas ar bith
142,142Gan eolas ar bith
143,143Gan eolas ar bith
144,144Gan eolas ar bith
145,145Gan eolas ar bith
146,146Gan eolas ar bith
147,147Gan eolas ar bith
148,148Gan eolas ar bith
149,149Gan eolas ar bith
150,150Gan eolas ar bith
151,151Gan eolas ar bith
152,152Gan eolas ar bith
153,153Gan eolas ar bith
154,154Gan eolas ar bith
155,155Gan eolas ar bith
156,156Gan eolas ar bith
157,157Gan eolas ar bith
158,158Gan eolas ar bith
159,159Gan eolas ar bith
160,160Gan eolas ar bith
161,161Gan eolas ar bith
162,162Gan eolas ar bith
163,163Gan eolas ar bith
164,164Gan eolas ar bith
165,165Gan eolas ar bith
166,166Gan eolas ar bith
167,167Gan eolas ar bith
168,168Gan eolas ar bith
169,169Gan eolas ar bith
170,170Gan eolas ar bith
171,171Gan eolas ar bith
172,172Gan eolas ar bith
173,173Gan eolas ar bith
174,174Gan eolas ar bith
175,175Gan eolas ar bith
176,176Gan eolas ar bith
177,177Gan eolas ar bith
178,178Gan eolas ar bith
179,179Gan eolas ar bith
180,180Gan eolas ar bith
181,181Gan eolas ar bith
182,182Gan eolas ar bith
183,183Gan eolas ar bith
184,184Gan eolas ar bith
185,185Gan eolas ar bith
186,186Gan eolas ar bith
187,187Gan eolas ar bith
188,188Gan eolas ar bith
189,189Gan eolas ar bith
190,190Gan eolas ar bith
191,191Gan eolas ar bith
192,192Gan eolas ar bith
193,193Gan eolas ar bith
194,194Gan eolas ar bith
195,195Gan eolas ar bith
196,196Gan eolas ar bith
197,197Gan eolas ar bith
198,198Gan eolas ar bith
199,199Gan eolas ar bith
200,200Gan eolas ar bith
201,201Gan eolas ar bith
202,202Gan eolas ar bith
203,203Gan eolas ar bith
204,204Gan eolas ar bith
205,205Gan eolas ar bith
206,206Gan eolas ar bith
207,207Gan eolas ar bith
208,208Gan eolas ar bith
209,209Gan eolas ar bith
210,210Gan eolas ar bith
211,211Gan eolas ar bith
212,212Gan eolas ar bith
213,213Gan eolas ar bith
214,214Gan eolas ar bith
215,215Gan eolas ar bith
216,216Gan eolas ar bith
217,217Gan eolas ar bith
218,218Gan eolas ar bith
219,219Gan eolas ar bith
220,220Gan eolas ar bith
221,221Gan eolas ar bith
222,222Gan eolas ar bith
223,223Gan eolas ar bith
224,224Gan eolas ar bith
225,225Gan eolas ar bith
226,226Gan eolas ar bith
227,227Gan eolas ar bith
228,228Gan eolas ar bith
229,229Gan eolas ar bith
230,230Gan eolas ar bith
231,231Gan eolas ar bith
232,232Gan eolas ar bith
233,233Gan eolas ar bith
234,234Gan eolas ar bith
235,235Gan eolas ar bith
236,236Gan eolas ar bith
237,237Gan eolas ar bith
238,238Gan eolas ar bith
239,239Gan eolas ar bith
240,240Gan eolas ar bith
241,241Gan eolas ar bith
242,242Gan eolas ar bith
243,243Gan eolas ar bith
244,244Gan eolas ar bith
245,245Gan eolas ar bith
246,246Gan eolas ar bith
247,247Gan eolas ar bith
248,248Gan eolas ar bith
249,249Gan eolas ar bith
250,250Gan eolas ar bith
251,251Gan eolas ar bith
252,252Gan eolas ar bith
253,253Gan eolas ar bith
254,254Gan eolas ar bith
255,255Gan eolas ar bith
256,256Gan eolas ar bith
257,257Gan eolas ar bith
258,258Gan eolas ar bith
259,259Gan eolas ar bith
260,260Gan eolas ar bith
261,261Gan eolas ar bith
262,262Gan eolas ar bith
263,263Gan eolas ar bith
264,264Gan eolas ar bith
265,265Gan eolas ar bith
266,266Gan eolas ar bith
267,267Gan eolas ar bith
268,268Gan eolas ar bith
269,269Gan eolas ar bith
270,270Gan eolas ar bith
271,271Gan eolas ar bith
272,272Gan eolas ar bith
273,273Gan eolas ar bith
274,274Gan eolas ar bith
275,275Gan eolas ar bith
276,276Gan eolas ar bith
277,277Gan eolas ar bith
278,278Gan eolas ar bith
279,279Gan eolas ar bith
280,280Gan eolas ar bith
281,281Gan eolas ar bith
282,282Gan eolas ar bith
283,283Gan eolas ar bith
284,284Gan eolas ar bith
285,285Gan eolas ar bith
286,286Gan eolas ar bith
287,287Gan eolas ar bith
288,288Gan eolas ar bith
289,289Gan eolas ar bith
290,290Gan eolas ar bith
291,291Gan eolas ar bith
292,292Gan eolas ar bith
293,293Gan eolas ar bith
294,294Gan eolas ar bith
295,295Gan eolas ar bith
296,296Gan eolas ar bith
297,297Gan eolas ar bith
298,298Gan eolas ar bith
299,299Gan eolas ar bith
300,300Gan eolas ar bith
301,301Gan eolas ar bith
302,302Gan eolas ar bith
303,303Gan eolas ar bith
304,304Gan eolas ar bith
305,305Gan eolas ar bith
306,306Gan eolas ar bith
307,307Gan eolas ar bith
308,308Gan eolas ar bith
309,309Gan eolas ar bith
310,310Gan eolas ar bith
311,311Gan eolas ar bith
312,312Gan eolas ar bith
313,313Gan eolas ar bith
314,314Gan eolas ar bith
315,315Gan eolas ar bith
316,316Gan eolas ar bith
317,317Gan eolas ar bith
318,318Gan eolas ar bith
319,319Gan eolas ar bith
320,320Gan eolas ar bith
321,321Gan eolas ar bith
322,322Gan eolas ar bith
323,323Gan eolas ar bith
324,324Gan eolas ar bith
325,325Gan eolas ar bith
326,326Gan eolas ar bith
327,327Gan eolas ar bith
328,328Gan eolas ar bith
329,329Gan eolas ar bith
330,330Gan eolas ar bith
331,331Gan eolas ar bith
332,332Gan eolas ar bith
333,333Gan eolas ar bith
334,334Gan eolas ar bith
335,335Gan eolas ar bith
336,336Gan eolas ar bith
337,337Gan eolas ar bith
338,338Gan eolas ar bith
339,339Gan eolas ar bith
340,340Gan eolas ar bith
341,341Gan eolas ar bith
342,342Gan eolas ar bith
343,343Gan eolas ar bith
344,344Gan eolas ar bith
345,345Gan eolas ar bith
346,346Gan eolas ar bith
347,347Gan eolas ar bith
348,348Gan eolas ar bith
349,349Gan eolas ar bith
350,350Gan eolas ar bith
351,351Gan eolas ar bith
352,352Gan eolas ar bith
353,353Gan eolas ar bith
354,354Gan eolas ar bith
355,355Gan eolas ar bith
356,356Gan eolas ar bith
357,357Gan eolas ar bith
358,358Gan eolas ar bith
359,359Gan eolas ar bith
360,360Gan eolas ar bith
361,361Gan eolas ar bith
362,362Gan eolas ar bith
363,363Gan eolas ar bith
364,364Gan eolas ar bith
365,365Gan eolas ar bith
366,366Gan eolas ar bith
367,367Gan eolas ar bith
368,368Gan eolas ar bith
369,369Gan eolas ar bith
370,370Gan eolas ar bith
371,371Gan eolas ar bith
372,372Gan eolas ar bith
373,373Gan eolas ar bith
374,374Gan eolas ar bith
375,375Gan eolas ar bith
376,376Gan eolas ar bith
377,377Gan eolas ar bith
378,378Gan eolas ar bith
379,379Gan eolas ar bith
380,380Gan eolas ar bith
381,381Gan eolas ar bith
382,382Gan eolas ar bith
383,383Gan eolas ar bith
384,384Gan eolas ar bith
385,385Gan eolas ar bith
386,386Gan eolas ar bith
387,387Gan eolas ar bith
388,388Gan eolas ar bith
389,389Gan eolas ar bith
390,390Gan eolas ar bith
391,391Gan eolas ar bith
392,392Gan eolas ar bith
393,393Gan eolas ar bith
394,394Gan eolas ar bith
395,395Gan eolas ar bith
396,396Gan eolas ar bith
397,397Gan eolas ar bith
398,398Gan eolas ar bith
399,399Gan eolas ar bith
400,400Gan eolas ar bith
401,401Gan eolas ar bith
402,402Gan eolas ar bith
403,403Gan eolas ar bith
404,404Gan eolas ar bith
405,405Gan eolas ar bith
406,406Gan eolas ar bith
407,407Gan eolas ar bith
408,408Gan eolas ar bith
409,409Gan eolas ar bith
410,410Gan eolas ar bith
411,411Gan eolas ar bith
412,412Gan eolas ar bith
413,413Gan eolas ar bith
414,414Gan eolas ar bith
415,415Gan eolas ar bith
416,416Gan eolas ar bith
417,417Gan eolas ar bith
418,418Gan eolas ar bith
419,419Gan eolas ar bith
420,420Gan eolas ar bith
421,421Gan eolas ar bith
422,422Gan eolas ar bith
423,423Gan eolas ar bith
424,424Gan eolas ar bith
425,425Gan eolas ar bith
426,426Gan eolas ar bith
427,427Gan eolas ar bith
428,428Gan eolas ar bith
429,429Gan eolas ar bith
430,430Gan eolas ar bith
431,431Gan eolas ar bith
432,432Gan eolas ar bith
433,433Gan eolas ar bith
434,434Gan eolas ar bith
435,435Gan eolas ar bith
436,436Gan eolas ar bith
437,437Gan eolas ar bith
438,438Gan eolas ar bith
439,439Gan eolas ar bith
440,440Gan eolas ar bith
441,441Gan eolas ar bith
442,442Gan eolas ar bith
443,443Gan eolas ar bith
444,444Gan eolas ar bith
445,445Gan eolas ar bith
446,446Gan eolas ar bith
447,447Gan eolas ar bith
448,448Gan eolas ar bith
449,449Gan eolas ar bith
450,450Gan eolas ar bith
451,451Gan eolas ar bith
452,452Gan eolas ar bith
453,453Gan eolas ar bith
454,454Gan eolas ar bith
455,455Gan eolas ar bith
456,456Gan eolas ar bith
457,457Gan eolas ar bith
458,458Gan eolas ar bith
459,459Gan eolas ar bith
460,460Gan eolas ar bith
461,461Gan eolas ar bith
462,462Gan eolas ar bith
463,463Gan eolas ar bith
464,464Gan eolas ar bith
465,465Gan eolas ar bith
466,466Gan eolas ar bith
467,467Gan eolas ar bith
468,468Gan eolas ar bith
469,469Gan eolas ar bith
470,470Gan eolas ar bith
471,471Gan eolas ar bith
472,472Gan eolas ar bith
473,473Gan eolas ar bith
474,474Gan eolas ar bith
475,475Gan eolas ar bith
476,476Gan eolas ar bith
477,477Gan eolas ar bith
478,478Gan eolas ar bith
479,479Gan eolas ar bith
480,480Gan eolas ar bith
481,481Gan eolas ar bith
482,482Gan eolas ar bith
483,483Gan eolas ar bith
484,484Gan eolas ar bith
485,485Gan eolas ar bith
486,486Gan eolas ar bith
487,487Gan eolas ar bith
488,488Gan eolas ar bith
489,489Gan eolas ar bith
490,490Gan eolas ar bith
491,491Gan eolas ar bith
492,492Gan eolas ar bith
493,493Gan eolas ar bith
494,494Gan eolas ar bith
495,495Gan eolas ar bith
496,496Gan eolas ar bith
497,497Gan eolas ar bith
498,498Gan eolas ar bith
499,499Gan eolas ar bith
500,500Gan eolas ar bith
501,501Gan eolas ar bith
502,502Gan eolas ar bith
503,503Gan eolas ar bith
504,504Gan eolas ar bith
505,505Gan eolas ar bith
506,506Gan eolas ar bith
507,507Gan eolas ar bith
508,508Gan eolas ar bith
509,509Gan eolas ar bith
510,510Gan eolas ar bith
511,511Gan eolas ar bith
512,512Gan eolas ar bith
513,513Gan eolas ar bith
514,514Gan eolas ar bith
515,515Gan eolas ar bith
516,516Gan eolas ar bith
517,517Gan eolas ar bith
518,518Gan eolas ar bith
519,519Gan eolas ar bith
520,520Gan eolas ar bith
521,521Gan eolas ar bith
522,522Gan eolas ar bith
523,523Gan eolas ar bith
524,524Gan eolas ar bith
525,525Gan eolas ar bith
526,526Gan eolas ar bith
527,527Gan eolas ar bith
528,528Gan eolas ar bith
529,529Gan eolas ar bith
530,530Gan eolas ar bith
531,531Gan eolas ar bith
532,532Gan eolas ar bith
533,533Gan eolas ar bith
534,534Gan eolas ar bith
535,535Gan eolas ar bith
536,536Gan eolas ar bith
537,537Gan eolas ar bith
538,538Gan eolas ar bith
539,539Gan eolas ar bith
540,540Gan eolas ar bith
541,541Gan eolas ar bith
542,542Gan eolas ar bith
543,543Gan eolas ar bith
544,544Gan eolas ar bith
545,545Gan eolas ar bith
546,546Gan eolas ar bith
547,547Gan eolas ar bith
548,548Gan eolas ar bith
549,549Gan eolas ar bith
550,550Gan eolas ar bith
551,551Gan eolas ar bith
552,552Gan eolas ar bith
553,553Gan eolas ar bith
554,554Gan eolas ar bith
555,555Gan eolas ar bith
556,556Gan eolas ar bith
557,557Gan eolas ar bith
558,558Gan eolas ar bith
559,559Gan eolas ar bith
560,560Gan eolas ar bith
561,561Gan eolas ar bith
562,562Gan eolas ar bith
563,563Gan eolas ar bith
564,564Gan eolas ar bith
565,565Gan eolas ar bith
566,566Gan eolas ar bith
567,567Gan eolas ar bith
568,568Gan eolas ar bith
569,569Gan eolas ar bith
570,570Gan eolas ar bith
571,571Gan eolas ar bith
572,572Gan eolas ar bith
573,573Gan eolas ar bith
574,574Gan eolas ar bith
575,575Gan eolas ar bith
576,576Gan eolas ar bith
577,577Gan eolas ar bith
578,578Gan eolas ar bith
579,579Gan eolas ar bith
580,580Gan eolas ar bith
581,581Gan eolas ar bith
582,582Gan eolas ar bith
583,583Gan eolas ar bith
584,584Gan eolas ar bith
585,585Gan eolas ar bith
586,586Gan eolas ar bith
587,587Gan eolas ar bith
588,588Gan eolas ar bith
589,589Gan eolas ar bith
590,590Gan eolas ar bith
591,591Gan eolas ar bith
592,592Gan eolas ar bith
593,593Gan eolas ar bith
594,594Gan eolas ar bith
595,595Gan eolas ar bith
596,596Gan eolas ar bith
597,597Gan eolas ar bith
598,598Gan eolas ar bith
599,599Gan eolas ar bith
600,600Gan eolas ar bith
601,601Gan eolas ar bith
602,602Gan eolas ar bith
603,603Gan eolas ar bith
604,604Gan eolas ar bith
605,605Gan eolas ar bith
606,606Gan eolas ar bith
607,607Gan eolas ar bith
608,608Gan eolas ar bith
609,609Gan eolas ar bith
610,610Gan eolas ar bith
611,611Gan eolas ar bith
612,612Gan eolas ar bith
613,613Gan eolas ar bith
614,614Gan eolas ar bith
615,615Gan eolas ar bith
616,616Gan eolas ar bith
617,617Gan eolas ar bith
618,618Gan eolas ar bith
619,619Gan eolas ar bith
620,620Gan eolas ar bith
621,621Gan eolas ar bith
622,622Gan eolas ar bith
623,623Gan eolas ar bith
624,624Gan eolas ar bith
625,625Gan eolas ar bith
626,626Gan eolas ar bith
627,627Gan eolas ar bith
628,628Gan eolas ar bith
629,629Gan eolas ar bith
630,630Gan eolas ar bith
631,631Gan eolas ar bith
632,632Gan eolas ar bith
633,633Gan eolas ar bith
634,634Gan eolas ar bith
635,635Gan eolas ar bith
636,636Gan eolas ar bith
637,637Gan eolas ar bith
638,638Gan eolas ar bith
639,639Gan eolas ar bith
640,640Gan eolas ar bith
641,641Gan eolas ar bith
642,642Gan eolas ar bith
643,643Gan eolas ar bith
644,644Gan eolas ar bith
645,645Gan eolas ar bith
646,646Gan eolas ar bith
647,647Gan eolas ar bith
648,648Gan eolas ar bith
649,649Gan eolas ar bith
650,650Gan eolas ar bith
651,651Gan eolas ar bith
652,652Gan eolas ar bith
653,653Gan eolas ar bith
654,654Gan eolas ar bith
655,655Gan eolas ar bith
656,656Gan eolas ar bith
657,657Gan eolas ar bith
658,658Gan eolas ar bith
659,659Gan eolas ar bith
660,660Gan eolas ar bith
661,661Gan eolas ar bith
662,662Gan eolas ar bith
663,663Gan eolas ar bith
664,664Gan eolas ar bith
665,665Gan eolas ar bith
666,666Gan eolas ar bith
667,667Gan eolas ar bith
668,668Gan eolas ar bith
669,669Gan eolas ar bith
670,670Gan eolas ar bith
671,671Gan eolas ar bith
672,672Gan eolas ar bith
673,673Gan eolas ar bith
674,674Gan eolas ar bith
675,675Gan eolas ar bith
676,676Gan eolas ar bith
677,677Gan eolas ar bith
678,678Gan eolas ar bith
679,679Gan eolas ar bith
680,680Gan eolas ar bith
681,681Gan eolas ar bith
682,682Gan eolas ar bith
683,683Gan eolas ar bith
684,684Gan eolas ar bith
685,685Gan eolas ar bith
686,686Gan eolas ar bith
687,687Gan eolas ar bith
688,688Gan eolas ar bith
689,689Gan eolas ar bith
690,690Gan eolas ar bith
691,691Gan eolas ar bith
692,692Gan eolas ar bith
693,693Gan eolas ar bith
694,694Gan eolas ar bith
695,695Gan eolas ar bith
696,696Gan eolas ar bith
697,697Gan eolas ar bith
698,698Gan eolas ar bith
699,699Gan eolas ar bith
700,700Gan eolas ar bith
701,701Gan eolas ar bith
702,702Gan eolas ar bith
703,703Gan eolas ar bith
704,704Gan eolas ar bith
705,705Gan eolas ar bith
706,706Gan eolas ar bith
707,707Gan eolas ar bith
708,708Gan eolas ar bith
709,709Gan eolas ar bith
710,710Gan eolas ar bith
711,711Gan eolas ar bith
712,712Gan eolas ar bith
713,713Gan eolas ar bith
714,714Gan eolas ar bith
715,715Gan eolas ar bith
716,716Gan eolas ar bith
717,717Gan eolas ar bith
718,718Gan eolas ar bith
719,719Gan eolas ar bith
720,720Gan eolas ar bith
721,721Gan eolas ar bith
722,722Gan eolas ar bith
723,723Gan eolas ar bith
724,724Gan eolas ar bith
725,725Gan eolas ar bith
726,726Gan eolas ar bith
727,727Gan eolas ar bith
728,728Gan eolas ar bith
729,729Gan eolas ar bith
730,730Gan eolas ar bith
731,731Gan eolas ar bith
732,732Gan eolas ar bith
733,733Gan eolas ar bith
734,734Gan eolas ar bith
735,735Gan eolas ar bith
736,736Gan eolas ar bith
737,737Gan eolas ar bith
738,738Gan eolas ar bith
739,739Gan eolas ar bith
740,740Gan eolas ar bith
741,741Gan eolas ar bith
742,742Gan eolas ar bith
743,743Gan eolas ar bith
744,744Gan eolas ar bith
745,745Gan eolas ar bith
746,746Gan eolas ar bith
747,747Gan eolas ar bith
748,748Gan eolas ar bith
749,749Gan eolas ar bith
750,750Gan eolas ar bith
751,751Gan eolas ar bith
752,752Gan eolas ar bith
753,753Gan eolas ar bith
754,754Gan eolas ar bith
755,755Gan eolas ar bith
756,756Gan eolas ar bith
757,757Gan eolas ar bith
758,758Gan eolas ar bith
759,759Gan eolas ar bith
760,760Gan eolas ar bith
761,761Gan eolas ar bith
762,762Gan eolas ar bith
763,763Gan eolas ar bith
764,764Gan eolas ar bith
765,765Gan eolas ar bith
766,766Gan eolas ar bith
767,767Gan eolas ar bith
768,768Gan eolas ar bith
769,769Gan eolas ar bith
770,770Gan eolas ar bith
771,771Gan eolas ar bith
772,772Gan eolas ar bith
773,773Gan eolas ar bith
774,774Gan eolas ar bith
775,775Gan eolas ar bith
776,776Gan eolas ar bith
777,777Gan eolas ar bith
778,778Gan eolas ar bith
779,779Gan eolas ar bith
780,780Gan eolas ar bith
781,781Gan eolas ar bith
782,782Gan eolas ar bith
783,783Gan eolas ar bith
784,784Gan eolas ar bith
785,785Gan eolas ar bith
786,786Gan eolas ar bith
787,787Gan eolas ar bith
788,788Gan eolas ar bith
789,789Gan eolas ar bith
790,790Gan eolas ar bith
791,791Gan eolas ar bith
792,792Gan eolas ar bith
793,793Gan eolas ar bith
794,794Gan eolas ar bith
795,795Gan eolas ar bith
796,796Gan eolas ar bith
797,797Gan eolas ar bith
798,798Gan eolas ar bith
799,799Gan eolas ar bith
800,800Gan eolas ar bith
801,801Gan eolas ar bith
802,802Gan eolas ar bith
803,803Gan eolas ar bith
804,804Gan eolas ar bith
805,805Gan eolas ar bith
806,806Gan eolas ar bith
807,807Gan eolas ar bith
808,808Gan eolas ar bith
809,809Gan eolas ar bith
810,810Gan eolas ar bith
811,811Gan eolas ar bith
812,812Gan eolas ar bith
813,813Gan eolas ar bith
814,814Gan eolas ar bith
815,815Gan eolas ar bith
816,816Gan eolas ar bith
817,817Gan eolas ar bith
818,818Gan eolas ar bith
819,819Gan eolas ar bith
820,820Gan eolas ar bith
821,821Gan eolas ar bith
822,822Gan eolas ar bith
823,823Gan eolas ar bith
824,824Gan eolas ar bith
825,825Gan eolas ar bith
826,826Gan eolas ar bith
827,827Gan eolas ar bith
828,828Gan eolas ar bith
829,829Gan eolas ar bith
830,830Gan eolas ar bith
831,831Gan eolas ar bith
832,832Gan eolas ar bith
833,833Gan eolas ar bith
834,834Gan eolas ar bith
835,835Gan eolas ar bith
836,836Gan eolas ar bith
837,837Gan eolas ar bith
838,838Gan eolas ar bith
839,839Gan eolas ar bith
840,840Gan eolas ar bith
841,841Gan eolas ar bith
842,842Gan eolas ar bith
843,843Gan eolas ar bith
844,844Gan eolas ar bith
845,845Gan eolas ar bith
846,846Gan eolas ar bith
847,847Gan eolas ar bith
848,848Gan eolas ar bith
849,849Gan eolas ar bith
850,850Gan eolas ar bith
851,851Gan eolas ar bith
852,852Gan eolas ar bith
853,853Gan eolas ar bith
854,854Gan eolas ar bith
855,855Gan eolas ar bith
856,856Gan eolas ar bith
857,857Gan eolas ar bith
858,858Gan eolas ar bith
859,859Gan eolas ar bith
860,860Gan eolas ar bith
861,861Gan eolas ar bith
862,862Gan eolas ar bith
863,863Gan eolas ar bith
864,864Gan eolas ar bith
865,865Gan eolas ar bith
866,866Gan eolas ar bith
867,867Gan eolas ar bith
868,868Gan eolas ar bith
869,869Gan eolas ar bith
870,870Gan eolas ar bith
871,871Gan eolas ar bith
872,872Gan eolas ar bith
873,873Gan eolas ar bith
874,874Gan eolas ar bith
875,875Gan eolas ar bith
876,876Gan eolas ar bith
877,877Gan eolas ar bith
878,878Gan eolas ar bith
879,879Gan eolas ar bith
880,880Gan eolas ar bith
881,881Gan eolas ar bith
882,882Gan eolas ar bith
883,883Gan eolas ar bith
884,884Gan eolas ar bith
885,885Gan eolas ar bith
886,886Gan eolas ar bith
887,887Gan eolas ar bith
888,888Gan eolas ar bith
889,889Gan eolas ar bith
890,890Gan eolas ar bith
891,891Gan eolas ar bith
892,892Gan eolas ar bith
893,893Gan eolas ar bith
894,894Gan eolas ar bith
895,895Gan eolas ar bith
896,896Gan eolas ar bith
897,897Gan eolas ar bith
898,898Gan eolas ar bith
899,899Gan eolas ar bith
900,900Gan eolas ar bith
901,901Gan eolas ar bith
902,902Gan eolas ar bith
903,903Gan eolas ar bith
904,904Gan eolas ar bith
905,905Gan eolas ar bith
906,906Gan eolas ar bith
907,907Gan eolas ar bith
908,908Gan eolas ar bith
909,909Gan eolas ar bith
910,910Gan eolas ar bith
911,911Gan eolas ar bith
912,912Gan eolas ar bith
913,913Gan eolas ar bith
914,914Gan eolas ar bith
915,915Gan eolas ar bith
916,916Gan eolas ar bith
917,917Gan eolas ar bith
918,918Gan eolas ar bith
919,919Gan eolas ar bith
920,920Gan eolas ar bith
921,921Gan eolas ar bith
922,922Gan eolas ar bith
923,923Gan eolas ar bith
924,924Gan eolas ar bith
925,925Gan eolas ar bith
926,926Gan eolas ar bith
927,927Gan eolas ar bith
928,928Gan eolas ar bith
929,929Gan eolas ar bith
930,930Gan eolas ar bith
931,931Gan eolas ar bith
932,932Gan eolas ar bith
933,933Gan eolas ar bith
934,934Gan eolas ar bith
935,935Gan eolas ar bith
936,936Gan eolas ar bith
937,937Gan eolas ar bith
938,938Gan eolas ar bith
939,939Gan eolas ar bith
940,940Gan eolas ar bith
941,941Gan eolas ar bith
942,942Gan eolas ar bith
943,943Gan eolas ar bith
944,944Gan eolas ar bith
945,945Gan eolas ar bith
946,946Gan eolas ar bith
947,947Gan eolas ar bith
948,948Gan eolas ar bith
949,949Gan eolas ar bith
950,950Gan eolas ar bith
951,951Gan eolas ar bith
952,952Gan eolas ar bith
953,953Gan eolas ar bith
954,954Gan eolas ar bith
955,955Gan eolas ar bith
956,956Gan eolas ar bith
957,957Gan eolas ar bith
958,958Gan eolas ar bith
959,959Gan eolas ar bith
960,960Gan eolas ar bith
961,961Gan eolas ar bith
962,962Gan eolas ar bith
963,963Gan eolas ar bith
964,964Gan eolas ar bith
965,965Gan eolas ar bith
966,966Gan eolas ar bith
967,967Gan eolas ar bith
968,968Gan eolas ar bith
969,969Gan eolas ar bith
970,970Gan eolas ar bith
971,971Gan eolas ar bith
972,972Gan eolas ar bith
973,973Gan eolas ar bith
974,974Gan eolas ar bith
975,975Gan eolas ar bith
976,976Gan eolas ar bith
977,977Gan eolas ar bith
978,978Gan eolas ar bith
979,979Gan eolas ar bith
980,980Gan eolas ar bith
981,981Gan eolas ar bith
982,982Gan eolas ar bith
983,983Gan eolas ar bith
984,984Gan eolas ar bith
985,985Gan eolas ar bith
986,986Gan eolas ar bith
987,987Gan eolas ar bith
988,988Gan eolas ar bith
989,989Gan eolas ar bith
990,990Gan eolas ar bith
991,991Gan eolas ar bith
992,992Gan eolas ar bith
993,993Gan eolas ar bith
994,994Gan eolas ar bith
995,995Gan eolas ar bith
996,996Gan eolas ar bith
997,997Gan eolas ar bith
998,998Gan eolas ar bith
999,999Gan eolas ar bith
